{
  "apiVersion": "V2",
  "name": "sample-config",
  "count": 1,
  "haproxy": {
    "frontends": [{
      "bindPort": 80,
      "protocol": "HTTP",
      "linkBackend": {
        "defaultBackend": "svc-green"
      }
    }],
    "backends": [{
      "name": "svc-green",
      "protocol": "HTTP",
      "services": [{
        "marathon": {
          "serviceID": "/svc-green"
          },
          "endpoint": {
            "portName": "svc-green"
          }
      }]
    }],
    "stats": {
      "bindAddress": "0.0.0.0",
      "bindPort": 9090
    }
  }
}
